"vaccine","marker1","marker2","marker3","marker4","marker5","marker6","time","status"
0,0.1134,-0.0781,1.411,0.1227,0.5189,0.0243,144.329,1
0,1.1901,-0.0501,-0.4585,-0.2297,1.1354,0.3346,71.87,1
0,-1.5954,-0.7642,0.07,0.0061,0.3124,0.9894,150,0
1,1.1252,1.6638,0.1581,0.2376,0.0555,0.5004,150,0
0,-0.6697,-1.826,0.861,-0.5034,1.5655,0.5769,150,0
0,-0.8335,-1.6567,-1.0723,-1.8987,0.7188,1.1427,150,0
1,0.7524,-0.563,0.1131,0.8836,0.6343,-0.7074,150,0
0,2.4399,0.3467,0.0866,1.7859,1.0659,-0.6186,31.489,1
1,0.7264,-0.9624,-1.3631,1.193,0.3419,-0.0083,23.997,1
1,1.1015,1.2053,-1.3999,0.9178,3.1434,0.3389,45.867,1
1,-0.7531,-0.5049,1.3251,-0.2451,0.35,1.4054,58.697,1
1,-0.0728,-1.3175,0.8298,-0.7316,1.0733,-0.8653,150,0
0,-1.0562,-0.8308,-0.6914,0.5217,0.9164,-0.874,150,0
1,0.5139,-0.7306,0.1844,-0.2252,0.7177,0.7743,60.285,1
0,1.8109,0.5612,-0.2128,1.0314,1.0555,-0.4019,27.376,1
0,1.7349,-0.8696,-0.8387,0.7256,0.3506,-0.2151,61.512,1
0,-0.4489,-0.1667,0.8981,-0.318,-1.936,0.6053,150,0
1,-0.1797,-1.4648,-0.6029,-0.5835,-0.8007,-0.6146,150,0
0,-1.7218,-0.1804,0.2081,-0.0262,2.3429,-0.7244,136.472,1
1,-1.7587,0.335,0.5182,1.0515,1.9209,-0.2569,150,0
0,0.2767,1.0905,1.2266,1.0872,-0.1095,-0.3921,60.489,1
1,-0.4625,0.0702,-0.732,-1.0454,-2.5128,-0.6867,150,0
0,0.4116,0.9722,1.2707,-0.2716,-0.7596,0.8758,150,0
1,0.9638,-1.5689,2.0294,2.0381,-1.5055,-0.4811,9.452,1
1,1.7793,0.5053,0.0559,0.164,-1.6782,0.0684,38.379,1
1,1.6164,0.1506,-0.9167,1.9326,0.9501,0.137,35.475,1
1,1.2878,1.517,-0.8419,-0.4707,0.125,-1.8588,79.967,1
1,-0.6641,-1.644,-0.4859,0.8524,1.4384,0.3463,111.185,1
0,0.771,0.5861,0.585,-1.1876,-1.3254,1.5016,45.893,1
1,-0.5417,-0.2329,1.3101,-0.5418,-1.0039,-0.0137,150,0
0,-0.5746,0.2068,-0.0431,0.6235,0.6422,-0.7752,74.046,1
1,-1.5638,-0.2088,-0.7885,-0.6028,1.1566,1.3112,150,0
1,0.3637,0.4155,-0.5804,-0.7844,-0.1736,0.2605,150,0
0,0.2818,-0.7933,1.217,-1.4341,-0.9646,1.014,150,0
1,1.4324,0.4705,-1.5195,0.636,1.8538,0.2156,83.798,1
0,0.7101,0.2109,0.0347,-1.4137,1.6844,0.6134,90.796,1
1,-0.1582,-0.4132,-0.5381,0.6889,1.0573,1.446,5.69,1
1,0.0048,-0.2224,0.7985,1.6219,0.8146,0.6581,34.09,1
1,-0.3082,1.8524,0.4051,-1.5349,-1.1946,0.3752,36.549,1
0,0.8791,-0.9739,-0.3561,-1.422,-2.0289,-0.6747,150,0
1,1.4415,-0.0884,-1.8673,-1.8673,2.1241,0.5805,150,0
1,-0.3309,0.765,0.1749,1.1081,0.2992,-0.4142,150,0
1,-0.8079,0.3436,-1.2367,-0.7575,-0.8246,2.1805,150,0
1,-2.2781,1.1194,-0.4575,0.6882,1.5243,0.3429,64.623,1
1,-0.9846,0.6192,1.4664,0.1176,-0.6148,-0.798,150,0
0,-1.0468,0.5487,1.8237,-1.6666,-0.4598,1.641,70.302,1
0,-0.8884,0.7743,1.1445,-1.2041,0.4436,-0.46,50.819,1
0,-0.0771,-1.6838,0.2395,-0.2808,-1.396,-1.5865,150,0
1,-0.5063,0.106,-0.6648,2.3449,-0.5025,-1.0449,150,0
1,-0.6096,0.4603,0.551,0.0447,-1.0606,0.0417,150,0
1,-1.3564,1.4128,0.9024,-1.9332,1.1746,-0.432,150,0
1,-1.4398,-2.1334,0.9421,-0.8305,0.3304,0.4586,150,0
0,-0.0083,-0.8103,-1.3249,-0.8679,-0.2884,-0.2294,26.07,1
1,-1.7134,0.8116,-1.0768,-1.399,1.3216,-1.857,129.81,1
1,-0.3931,1.1669,-0.9447,1.0742,-0.0455,-0.2897,150,0
0,2.1045,-0.6993,0.4664,-0.7649,-0.2148,1.7671,145.017,1
1,-0.1402,-1.8069,-1.3222,0.7494,0.1348,-0.4427,150,0
1,-0.2938,-0.8007,0.7445,0.5708,-0.645,-0.5889,49.572,1
1,0.274,1.6403,-1.5614,0.3782,0.0571,-0.1206,150,0
0,1.0184,-2.076,0.348,1.9817,0.9312,1.6531,32.894,1
1,-0.0211,-0.4974,-0.0338,-0.8603,0.2037,-0.8714,150,0
1,-0.5357,0.3833,0.1556,2e-04,1.6258,0.7807,36.688,1
1,-1.7552,-0.3094,1.9811,3.0885,-0.5934,-0.6139,150,0
0,-0.6096,-0.2178,-0.0277,-0.6834,-0.3086,-0.3276,4.076,1
0,1.4757,1.798,-0.0692,2.1158,1.3364,-0.3552,47.394,1
0,0.4281,-0.2034,-0.4073,-1.2575,-1.2065,0.7809,38.368,1
1,0.0588,0.0663,0.8291,-0.0527,-1.4089,0.6087,150,0
1,-0.2568,-0.6368,1.4683,-0.8752,0.6444,1.0762,150,0
1,0.9219,0.6844,-1.0784,-1.1947,-0.4089,1.0656,51.602,1
1,1.5331,-0.5729,0.3329,-0.9465,-0.9792,2.1616,150,0
0,0.2072,0.1664,-1.568,1.9974,-0.9272,0.0705,58.079,1
1,-1.8116,-0.2922,1.638,-0.5202,0.7927,-2.5352,150,0
1,0.0072,2.2023,0.5386,-0.893,-0.6891,-0.5413,53.259,1
0,-0.7337,1.5269,1.5878,0.7256,-0.0417,-0.7759,42.01,1
1,-0.22,-0.8049,-0.409,-1.0226,-0.7856,-0.296,150,0
0,-0.9667,-0.7293,0.3565,-0.0919,0.4345,1.1514,128.29,1
1,0.9247,-1.5996,1.2825,-0.0478,-0.6656,-0.5689,150,0
1,0.3162,-0.8996,0.4935,-0.0911,0.4499,-0.8058,150,0
0,0.1936,-2.1466,0.9553,-0.7042,-0.548,0.4926,150,0
0,-0.1139,0.8248,1.2098,1.9932,1.8569,0.7008,132.891,1
1,2.7833,-0.7844,-0.3686,0.1676,0.4021,-0.2431,12.131,1
0,-0.4641,-0.3041,0.2004,1.8471,-1.8646,0.4125,150,0
0,0.1221,1.595,0.1493,-0.5311,1.3749,0.4982,31.485,1
1,-0.6562,0.4767,-0.3706,-0.5758,-0.0746,0.3677,35.743,1
0,-0.1817,-1.1185,-2.1117,-0.2839,0.2278,-0.5706,115.285,1
0,-0.2703,-1.0212,-0.4941,-3.214,1.3887,0.7388,150,0
1,1.5732,-1.6743,1.4367,-1.5716,0.4058,-2.2683,40.439,1
1,1.8865,-1.0375,2.2366,0.2318,2.5614,0.614,22.426,1
0,0.1556,1.6632,-1.0683,-0.4113,-0.5263,0.4036,150,0
1,-0.3039,0.2805,-0.5696,1.2339,0.3524,2.0516,33.841,1
1,1.4836,-1.2017,-2.1481,0.6628,0.4752,0.2632,49.745,1
1,1.2088,0.428,0.3379,-0.8303,0.7919,0.1104,150,0
1,-0.7077,0.5587,-0.4454,0.7064,0.8313,1.1958,150,0
0,0.1665,-0.9175,-1.2885,-0.3949,0.5487,0.7333,37.211,1
1,0.8538,-0.3262,-0.2308,-0.1592,-1.2423,-0.0045,150,0
0,0.7011,0.2867,-1.0403,0.9702,-0.4134,-0.0212,103.957,1
1,-0.5655,0.518,0.8882,0.3696,0.071,0.1385,150,0
1,1.1092,0.9784,0.3563,0.0974,-0.4943,-1.0701,88.082,1
1,-2.4468,0.7151,0.0393,0.0574,0.3221,1.2361,150,0
0,0.594,-0.1334,0.9835,-0.7067,-0.7964,-0.5398,150,0
0,0.8092,2.8211,0.4423,1.7941,0.9071,-0.2962,150,0
0,0.1967,-0.2495,-2.2877,-0.314,0.2075,0.6882,103.561,1
0,0.2952,-1.9105,0.3488,-1.2471,0.5478,-0.399,150,0
1,-0.6778,-1.1158,0.5709,-0.8587,-0.2217,-0.1035,150,0
1,-0.4073,-0.5585,0.3919,-1.346,-0.6818,1.5295,150,0
0,-0.5676,1.0438,-0.6687,0.7636,1.4599,-0.6346,150,0
0,-1.0445,-1.2526,0.0633,0.0363,-0.8625,-0.2269,150,0
1,0.2981,-1.5394,-0.0915,-0.0421,-0.8004,1.5011,150,0
0,-1.3834,-0.4639,-1.101,-0.0202,-0.6851,-0.3425,150,0
0,1.0204,0.4367,2.034,-3.376,1.8213,-0.5537,150,0
0,1.5309,0.9295,-1.6321,-0.5554,-0.1047,0.2576,48.634,1
1,-0.5898,-0.5113,-0.6087,1.8264,1.1115,0.6131,150,0
0,-0.1543,-1.0681,1.2532,-0.1288,-1.0275,-0.6523,150,0
0,1.824,2.375,-1.698,0.1862,-0.4241,-0.1383,7.736,1
0,-0.2252,0.2791,0.749,0.1963,-0.1591,-0.1236,145.701,1
1,0.2989,-0.0853,-0.2533,0.2335,0.6582,-0.9647,108.067,1
0,1.0436,0.7562,-0.4203,-0.9929,-0.3035,0.019,150,0
1,1.0499,-0.9291,-1.8607,-0.3204,0.6966,1.6917,150,0
1,-0.6466,0.0465,-0.6399,0.4006,0.1128,0.8858,150,0
0,-0.2199,0.292,0.4805,-0.0948,0.1803,-0.7299,150,0
1,-0.163,-0.5453,-0.4697,0.081,2.1212,0.3519,50.452,1
1,-1.0596,-0.0802,1.1416,0.1078,-0.6772,-0.2473,150,0
0,-2.54,0.3874,0.1332,-1.3706,0.9753,-0.1636,150,0
1,-0.4409,-1.3877,-0.0784,0.0033,1.0973,0.8724,150,0
0,-0.2658,0.9694,-0.0197,0.0728,1.6674,0.6059,96.845,1
1,-1.0112,-0.3683,0.4813,-0.999,0.3241,0.9272,108.587,1
0,-0.3637,-0.7627,1.3544,-0.2992,0.2508,0.458,150,0
1,-0.1566,-0.9459,0.9203,-0.0817,0.1533,-0.8011,150,0
0,0.7214,1.3972,0.8787,0.6229,0.7152,-0.4971,6.539,1
1,-1.4962,-0.1876,1.4749,-1.2777,0.6105,-1.213,84.04,1
0,1.8455,-0.1351,-0.358,-0.1986,-0.2818,0.6197,140.227,1
0,0.4418,-0.4241,-0.1183,1.331,0.886,1.3597,0.336,1
0,1.2991,-0.743,1.7973,0.6548,0.5941,-1.6211,10.288,1
1,-1.464,0.7579,-0.5564,-1.5373,0.7001,0.0796,150,0
1,1.231,-0.2493,0.7956,-0.4228,2.8149,0.5126,129.437,1
1,0.4224,0.3623,0.2398,1.6083,0.2771,-0.2191,150,0
1,-0.1774,-0.4995,1.9719,-0.6663,-0.5137,-0.8259,150,0
0,-0.285,1.167,1.5314,0.4795,0.4222,-1.0136,150,0
0,-0.4231,0.3488,0.3063,-1.0509,-0.2656,1.2821,105.852,1
1,-0.4935,0.5932,0.5342,1.3737,-0.7704,-0.2121,150,0
0,-0.3302,0.6229,-3.0549,1.4894,-0.3765,1.1849,138.393,1
0,-2.1353,1.0433,0.004,-0.0314,0.1102,-0.6506,150,0
0,-0.5772,0.616,0.7532,0.1716,0.9726,1.2874,66.491,1
1,-1.2946,-0.6865,2.5274,-0.4444,0.357,0.5389,150,0
0,-1.5343,0.2079,0.1963,1.8514,-0.8242,0.0255,57.065,1
0,-1.0551,-0.1447,0.6941,0.6948,-0.1556,1.1639,150,0
1,0.4682,1.5877,0.1509,-1.653,-1.5297,-0.3676,108.843,1
0,-0.9814,-1.4839,-1.1859,-1.7016,-0.2022,-0.3634,150,0
1,1.9523,0.4416,0.0221,0.3155,-1.3115,-0.0068,107.905,1
0,1.8452,-0.9781,0.6962,-0.6641,-1.3901,-0.1005,150,0
1,-1.8898,-1.9303,0.359,-0.086,0.9621,-0.1486,150,0
1,-0.2483,-0.3001,0.6688,-0.0925,-0.1781,-0.183,81.763,1
0,-0.4202,-1.1865,0.0626,-0.8842,0.0033,-0.8581,150,0
0,-1.0605,-0.1264,-0.3792,0.6403,0.5116,0.9582,150,0
0,1.682,0.5719,0.9474,1.2451,-0.4561,-0.8391,68.898,1
0,0.4801,0.2785,-1.3578,1.03,-0.2109,-0.7597,71.457,1
1,-0.503,0.1726,0.6875,0.3013,-0.5726,-0.8665,139.058,1
1,-0.1863,0.8671,0.069,1.1653,-0.3533,1.659,150,0
0,-1.4121,-0.6605,-2.5431,-1.8878,-1.0497,0.5569,150,0
0,-0.808,-2.8747,-0.4368,-1.69,0.7884,0.6014,150,0
0,1.4158,1.3048,1.2257,1.5031,0.6192,-1.9698,13.889,1
1,-0.6293,0.0635,-2.1409,-0.1189,-0.7858,-0.3801,85.781,1
1,0.2907,0.5587,1.5207,-0.0408,1.7816,1.1578,150,0
0,0.0719,0.7187,1.3721,2.1562,-0.2499,1.3896,150,0
1,-1.9715,-0.32,1.2514,-0.7392,-0.3011,-2.0115,150,0
1,-0.4596,0.8426,-0.1365,-0.7157,-1.4993,-2.3363,150,0
0,-1.9863,-1.4644,-0.4926,-3.2916,0.0342,-1.3685,150,0
1,2.2149,0.6618,-1.6212,0.1417,-0.911,-1.3731,42.753,1
1,-0.0757,1.092,-0.011,-0.5129,0.3514,0.7374,150,0
1,-0.1826,1.3524,-0.158,0.6282,0.1954,0.4547,35.978,1
1,0.3402,-0.2941,1.8435,-0.2026,0.8596,1.7767,140.895,1
1,0.5683,-0.1151,0.1951,0.028,-0.6742,0.195,142.538,1
0,0.0342,1.2465,-0.5986,0.1928,-1.6626,-0.3446,109.336,1
0,-0.7197,-0.7208,1.0677,0.0144,0.39,1.6127,120.668,1
1,-0.56,0.7233,0.7638,0.9616,0.4414,0.7757,150,0
0,0.1472,-0.0589,-0.5575,-0.3593,1.284,0.7043,150,0
0,-0.4285,-0.8623,0.5385,-0.0441,-0.1632,1.0722,150,0
0,-0.6338,0.2366,-0.689,0.6802,0.4996,-0.2141,150,0
1,0.4706,0.0262,-0.7485,0.4,0.4601,0.3636,57.892,1
0,-1.0029,-0.2384,-0.9572,1.7385,-0.4763,1.0836,150,0
1,0.5691,-0.408,-0.4662,-1.4497,-1.5566,-1.9523,150,0
0,-0.3915,0.5231,-0.9285,0.288,-0.689,0.0155,43.742,1
0,1.2337,1.9594,0.7703,1.5569,0.1484,-0.871,143.749,1
0,-0.3201,-0.5725,0.7233,-1.5721,0.1354,-0.9009,150,0
1,0.8574,-1.0067,-0.1843,0.4731,-1.3723,-0.7761,68.796,1
1,1.1146,-1.0809,1.6983,-1.3021,-0.0931,0.3614,150,0
0,3e-04,0.019,0.5711,-0.6858,-1.1182,-0.0173,150,0
1,1.1898,0.1942,0.6288,0.3631,0.7448,-1.1182,48.329,1
0,-0.0153,-0.9033,-0.4611,0.1618,0.0777,0.5867,44.666,1
0,-0.2167,0.405,1.3529,2.2867,-0.4999,0.4862,38.673,1
1,-0.6126,-0.2784,0.1881,-0.4193,0.6117,0.4739,150,0
1,-1.2578,0.1349,-0.4026,-1.682,-0.869,0.3614,78.811,1
0,0.5017,0.0663,0.8208,-0.4271,1.1662,1.2177,147.545,1
0,-0.0744,-1.642,-0.7379,-0.6479,-0.7697,-0.6731,150,0
0,-1.3262,1.2013,-1.0077,-0.777,-1.8072,-0.5988,94.524,1
0,0.2729,1.5465,1.2602,0.9514,-0.9175,0.7359,150,0
0,0.7242,0.22,0.9311,-0.3581,-0.3565,0.6017,150,0
0,-0.2636,1.7317,0.9777,0.8759,-0.1766,1.1089,11.468,1
0,-0.7231,1.0972,0.6102,0.0023,-0.7993,-0.0114,55.747,1
1,0.4379,-0.821,0.1365,-0.8201,-0.3928,0.605,65.565,1
1,-1.0319,1.0188,-1.0163,0.2606,0.2737,1.1235,150,0
0,0.9136,-1.2938,-0.4678,-0.9583,0.2581,-0.7054,150,0
1,-0.4518,-0.5159,-0.1778,-0.3143,0.1104,1.7625,150,0
1,-0.6904,0.6656,0.8942,1.9564,-0.9152,-0.73,88.68,1
1,-0.1271,1.5171,-0.2524,0.2342,0.2129,-1.6342,150,0
0,1.0662,-0.5884,0.612,0.171,1.4033,-0.124,96.031,1
1,0.0332,0.414,0.5354,-1.1404,-0.8084,0.2041,150,0
1,0.2296,1.3733,-0.4145,0.55,1.9195,-0.6832,150,0
0,0.277,-0.1409,-1.2615,-0.5073,0.8657,-1.0164,146.651,1
1,0.6065,-1.9765,-0.1013,1.1488,-1.2639,-0.6714,150,0
0,-0.0844,1.1091,-0.4279,-1.6192,-0.9566,1.1219,150,0
0,0.8429,0.7987,-1.6641,-0.5081,-0.3034,-2.1007,150,0
0,-0.3651,0.7567,-0.2887,-0.8587,-0.0022,-2.0909,140.011,1
1,-0.1029,-0.2305,1.3445,-0.2596,-0.9131,-1.2911,150,0
1,-0.016,1.0423,-0.6509,-0.9465,-0.6496,1.072,150,0
1,0.1579,-0.0083,-0.604,-0.1313,0.3763,0.8949,150,0
0,-0.1166,-0.1304,1.8131,2.1457,0.278,-0.8426,150,0
0,-0.0568,0.0956,0.0196,-0.0587,-0.7547,0.0463,150,0
1,0.0106,2.1317,-1.5756,-0.2287,-0.4731,0.6234,51.465,1
0,-0.1367,0.6513,-1.165,-1.0694,-0.914,0.4851,150,0
1,0.0795,-2.5979,2.2037,0.7552,-2.6033,0.5319,150,0
0,-0.6259,-0.6327,1.2138,-1.5603,-0.5935,0.1974,150,0
1,0.6208,0.9422,-0.2396,-0.0983,-0.639,0.3266,150,0
0,0.0138,-0.4484,-2.0259,0.5935,-0.1059,-1.4402,142.242,1
1,-0.1087,-1.0072,-1.8241,0.5319,-0.9803,2.1147,150,0
0,-1.1809,-0.9562,-1.286,-0.0748,0.4762,-0.1847,150,0
0,1.5694,0.1767,-1.35,0.3167,-1.4124,0.4921,27.492,1
1,0.4773,-0.35,-0.3923,-1.0706,1.631,-1.3613,150,0
0,0.22,0.1688,1.1268,-0.2487,-1.128,-0.3652,150,0
1,-0.9237,0.0449,-0.5368,0.2369,0.4385,0.7561,150,0
1,0.2404,0.027,-0.8617,1.3798,1.9007,0.1465,150,0
1,0.5411,-0.3492,-1.2636,0.3129,-0.7008,0.2619,150,0
0,0.6041,-0.6093,-1.2994,0.0804,-0.3717,-1.3062,67.468,1
1,0.2407,1.7093,-0.4899,0.4065,-0.6785,0.4922,150,0
0,-0.4531,0.7081,-1.2027,-1.4155,0.1015,-0.5111,84.876,1
1,0.7375,0.3135,1.6588,-1.0925,0.5533,-1.6606,150,0
1,1.196,0.3175,-0.3532,0.7571,-1.5222,0.6224,126.703,1
1,-0.9672,0.0502,1.042,-1.2355,-1.0215,0.0157,150,0
0,0.1202,2.0255,-0.7229,0.6172,-1.3907,-0.7339,92.023,1
0,-0.6675,-0.1831,0.0069,-0.9467,0.4333,0.2752,150,0
1,-0.8041,-1.3316,-0.9316,-1.0613,0.3697,-1.8587,150,0
0,-1.4925,-0.1036,-0.7395,-0.2679,-0.7095,2.0789,89.978,1
0,-0.3372,0.7423,-0.5207,-0.8103,-1.0189,-2.3609,115.151,1
0,1.3837,0.3102,-0.2551,0.165,-1.6407,0.3271,85.698,1
0,1.2155,-0.236,0.118,0.5582,0.6827,-0.2275,32.869,1
1,-0.1742,1.0408,0.0967,1.9332,-0.7519,-1.1806,111.952,1
1,-0.102,1.344,0.8421,-0.9895,0.7162,0.3304,54.888,1
0,0.5507,0.2321,-0.8647,0.7769,1.995,-0.4069,69.163,1
0,2.4326,2.0414,0.8972,1.0323,1.3461,1.5252,104.489,1
0,-0.9269,-1.2292,0.4344,2.6604,-0.8269,-1.1032,23.95,1
1,0.0286,-0.6198,-1.6025,2.0985,1.1385,1.3369,112.088,1
1,0.5704,1.3072,-1.3823,1.2283,-0.6707,0.5527,9.907,1
1,-0.4554,-0.3926,1.4838,1.6584,0.2883,-1.0565,150,0
0,0.2911,1.3337,0.111,-0.0213,0.1638,-0.1902,150,0
0,-1.296,-0.8408,-0.2485,0.7342,0.5437,-0.9092,150,0
1,-0.5083,1.0489,0.3166,-0.9479,0.009,-2.0009,26.028,1
0,1.3111,-0.2016,-1.3895,0.9836,0.2914,1.909,28.786,1
0,-0.3308,-0.2111,-0.1965,-0.211,0.6321,1.569,150,0
0,-0.2537,0.1787,0.7633,-0.8366,-2.1223,0.1403,150,0
1,-0.4141,-1.4227,-0.4592,0.0801,-0.2731,-1.4206,112.767,1
1,-0.6266,0.1364,-0.7372,1.184,0.3793,0.5131,150,0
1,-2.6291,-0.1567,-0.7136,0.3043,0.2074,-0.9875,63.069,1
0,0.6644,1.42,1.3509,-0.7806,0.1301,0.5972,150,0
0,-1.2798,-1.2269,0.5476,-1.9237,1.729,0.8679,150,0
0,-2.3308,1.4594,-1.5664,0.1145,-0.1318,0.1893,150,0
0,-0.5157,-0.2722,-0.6177,-1.5477,0.0902,-0.0693,33.126,1
0,-1.4012,-0.5467,-1.9508,-0.3178,-0.1227,1.0763,65.418,1
0,-0.3104,0.7483,0.0866,-0.3464,2.348,1.0709,41.941,1
0,-0.67,0.1246,0.3156,-0.8287,-0.6224,0.4216,150,0
0,-0.2229,0.7049,-0.2117,-2.0084,1.0961,-0.1245,75.876,1
1,1.3173,1.7968,-1.1937,-0.1253,1.138,0.9372,131.99,1
1,-0.6788,0.1244,-1.8401,-0.1031,-0.7407,0.2006,106.142,1
1,1.0128,-1.5739,-0.6196,-1.333,1.2377,1.4482,49.125,1
0,0.1927,-0.3323,-2.4115,0.9247,0.5896,-1.2822,70.989,1
0,-0.9569,-0.3945,1.0557,-0.4944,1.0074,-0.0846,125.942,1
0,-0.985,-0.0961,-0.6358,-0.2724,-1.753,1.1016,26.416,1
0,-0.1968,-1.374,-2.7525,0.9257,-0.7734,-0.6907,73.352,1
0,-0.3012,-0.53,0.9603,1.4888,-0.3867,-1.7254,56.777,1
1,-0.9886,-0.29,0.2708,-0.9806,0.1883,0.5659,150,0
0,-0.2611,-0.041,-2.8234,2.6558,-0.0619,-0.5962,139.952,1
0,0.7967,-0.456,-0.3459,-0.3459,-0.1484,-0.4893,57.982,1
1,-0.0162,-0.333,-1.1077,0.4175,0.5991,0.7689,150,0
1,-0.4366,1.9451,1.2589,0.8743,0.9138,2.1146,150,0
0,0.7767,-0.0024,1.8314,-0.1473,1.6666,0.0448,134.244,1
0,-1.2327,-1.4744,0.2117,0.7961,0.6036,0.9472,150,0
0,-0.3854,-0.8929,0.9236,0.0056,-1.162,-2.1245,150,0
1,-0.0786,-0.1533,1.5345,-0.5366,-1.3722,0.0904,150,0
0,-0.193,2.0441,-0.517,2.7412,1.334,-1.7391,150,0
1,-0.2409,0.4303,0.5534,-0.2833,-0.3935,-1.7023,150,0
0,-1.4621,-1.4604,-0.1827,0.1131,0.3536,1.4083,150,0
0,-0.9617,-0.2311,-0.5363,-2.4639,0.4001,0.6982,150,0
1,1.3078,-0.5953,0.3021,0.4742,0.6667,0.5761,62.962,1
1,0.1886,-0.968,-0.3363,0.3433,-0.4202,-0.5343,20.909,1
1,1.1508,0.2669,0.8175,-1.1837,-0.3282,-1.282,150,0
0,-0.7124,2.6189,-0.4486,0.0839,0.4379,0.4296,150,0
1,-1.2922,1.2377,-0.9497,-1.2358,-0.784,-1.1294,15.741,1
1,-0.4009,-1.5737,0.5695,-1.2397,-0.2268,2.4198,150,0
1,1.199,0.5776,0.8071,0.253,-0.5822,0.0783,13.137,1
1,-1.1943,0.4307,-1.4574,-0.2377,-1.0981,0.3162,12.889,1
0,-0.8863,0.7271,-1.3128,-0.0904,0.1624,-1.5794,86.229,1
